<desktopflowbinary desktopflowbinaryid="bd16bf4d-9530-4366-85ec-3f0b97022370">
  <data mimetype="application/json">ImageRepository_cac5d2c5-b2d0-43ee-8158-7c40a640c7c3.json</data>
  <iscustomizable>1</iscustomizable>
  <metadata>{}</metadata>
  <mimetype>application/json</mimetype>
  <name>Desktop flow images</name>
  <process>
    <workflowid>d4b03fdf-dddb-4f45-9fb4-5bcfd152ae64</workflowid>
  </process>
  <reference>imageRepo.imgrepo</reference>
  <statecode>0</statecode>
  <statuscode>1</statuscode>
  <type>ImageRepository</type>
</desktopflowbinary>