<ImportExportXml xmlns:xsi="http://www.w3.org/2001/XMLSchema-instance" OrganizationVersion="9.2.25042.222" OrganizationSchemaType="Standard" CRMServerServiceabilityVersion="9.2.25042.00222">
  <Entities></Entities>
  <Roles></Roles>
  <Workflows>
    <Workflow WorkflowId="{d4b03fdf-dddb-4f45-9fb4-5bcfd152ae64}" Name="Prototype - Excel merging Choices">
      <JsonFileName>/Workflows/Prototype-ExcelmergingChoices-D4B03FDF-DDDB-4F45-9FB4-5BCFD152AE64.json</JsonFileName>
      <Type>1</Type>
      <Subprocess>0</Subprocess>
      <Category>6</Category>
      <Mode>0</Mode>
      <Scope>4</Scope>
      <OnDemand>0</OnDemand>
      <TriggerOnCreate>0</TriggerOnCreate>
      <TriggerOnDelete>0</TriggerOnDelete>
      <AsyncAutodelete>0</AsyncAutodelete>
      <SyncWorkflowLogOnFailure>0</SyncWorkflowLogOnFailure>
      <StateCode>1</StateCode>
      <StatusCode>2</StatusCode>
      <RunAs>1</RunAs>
      <IsTransacted>1</IsTransacted>
      <IntroducedVersion>1.0</IntroducedVersion>
      <IsCustomizable>1</IsCustomizable>
      <BusinessProcessType>0</BusinessProcessType>
      <UIFlowType>2</UIFlowType>
      <IsCustomProcessingStepAllowedForOtherPublishers>1</IsCustomProcessingStepAllowedForOtherPublishers>
      <ModernFlowType>0</ModernFlowType>
      <Metadata>{"clientversion":"2.55.158.25087","isvalid":true,"$schema":"https://schema.management.azure.com/providers/Microsoft.Logic/schemas/2016-06-01/workflowdefinition.json#","schemaVersion":"ROBIN_20211012","containsActiveConnections":false,"containsGptPredictActions":false,"containsActiveCopilotActions":false,"containsActiveWorkQueuesActions":false,"containsActiveLogMessageActions":false,"containsActiveCredentialsActions":false,"multipleRequestsState":0,"scriptType":0,"disableScreenshotCaptureOnError":false,"missingUiElementRepairType":null,"flowTimeout":null,"screenResolution":null,"flowLogsVerbosity":null}</Metadata>
      <Inputs>{"schema":null}</Inputs>
      <Outputs>{"schema":null}</Outputs>
      <Dependencies>{"childFlows":[],"workQueues":[],"environmentVariables":[],"requiredBinaries":["841c3c7a-5c4c-440a-ad42-3a59c638aca6","d3ee734a-e084-4ee4-9a75-3812f7a14865","bd16bf4d-9530-4366-85ec-3f0b97022370","695cd258-52af-49ed-a179-455dc5e62830"]}</Dependencies>
      <ConnectionReferences>[]</ConnectionReferences>
      <Definition>"@@ConnectionString: ''\r\n@@Type: 'Local'\r\n@@DesktopType: 'local'\r\n@@DisplayName: 'Helyi számítógép'\r\nIMPORT 'controlRepo.appmask' AS appmask\r\nIMPORT 'imageRepo.imgrepo' AS imgrepo\r\n@SENSITIVE: []\r\nDisplay.SelectFolder Description: $'''Chosse Project Folder''' InitialDirectory: $'''D:\\\\OneDrive\\\\Asztali gép''' IsTopMost: True SelectedFolder=&gt; SelectedFolder ButtonPressed=&gt; ButtonPressed\r\nFolder.GetSubfolders Folder: SelectedFolder FolderFilter: $'''*''' IncludeSubfolders: False FailOnAccessDenied: True SortBy1: Folder.SortBy.NoSort SortDescending1: False SortBy2: Folder.SortBy.NoSort SortDescending2: False SortBy3: Folder.SortBy.NoSort SortDescending3: False Subfolders=&gt; Folders\r\nExcel.LaunchExcel.LaunchAndOpenUnderExistingProcess Path: $'''%SelectedFolder%\\\\GetColoredRowsMacro.xlsm''' Visible: False ReadOnly: True Instance=&gt; ExcelInstance3\r\nVariables.CreateNewDatatable InputTable: { ^['Column1'], [$''''''] } DataTable=&gt; DataTable\r\nLOOP FOREACH CurrentItem IN Folders\r\n    Folder.GetFiles Folder: CurrentItem FileFilter: $'''*contract*.xlsx''' IncludeSubfolders: False FailOnAccessDenied: True SortBy1: Folder.SortBy.NoSort SortDescending1: False SortBy2: Folder.SortBy.NoSort SortDescending2: False SortBy3: Folder.SortBy.NoSort SortDescending3: False Files=&gt; Files\r\n    LOOP FOREACH CurrentItem2 IN Files\r\n        Excel.LaunchExcel.LaunchAndOpenUnderExistingProcess Path: CurrentItem2.FullName Visible: True ReadOnly: False Instance=&gt; ExcelInstance\r\n        Excel.RunMacro Instance: ExcelInstance Macro: $'''GetColoredRowsMacro.xlsm!FindColoredCells_Global'''\r\n        Excel.ReadFromExcel.ReadCell Instance: ExcelInstance StartColumn: $'''B''' StartRow: 1 ReadAsText: False CellValue=&gt; ColoredCellsText\r\n        Text.SplitText.SplitWithDelimiter Text: ColoredCellsText CustomDelimiter: $''',''' IsRegEx: False Result=&gt; TextList\r\n        Excel.GetFirstFreeColumnRow Instance: ExcelInstance FirstFreeColumn=&gt; FirstFreeColumn FirstFreeRow=&gt; FirstFreeRow\r\n        SET Loopindex TO 0\r\n        LOOP FOREACH CurrentItem3 IN TextList\r\n            Variables.IncreaseVariable Value: Loopindex IncrementValue: 1\r\n            IF TextList.Count &gt; Loopindex THEN\r\n                SET NextHeaderRow TO TextList[LoopIndex] - 1\r\n            ELSE\r\n                SET NextHeaderRow TO FirstFreeRow\r\n            END\r\n            Excel.ReadFromExcel.ReadCells Instance: ExcelInstance StartColumn: $'''A''' StartRow: CurrentItem3 EndColumn: $'''A''' EndRow: NextHeaderRow ReadAsText: False FirstLineIsHeader: False RangeValue=&gt; ExcelData\r\n            Variables.MergeDataTables FirstDataTable: DataTable SecondDataTable: ExcelData MergeMode: Variables.MergeMode.IgnoreExtraColumns\r\n        END\r\n        Excel.CloseExcel.Close Instance: ExcelInstance\r\n    END\r\nEND\r\nExcel.LaunchExcel.LaunchUnderExistingProcess Visible: True Instance=&gt; ExcelInstance2\r\nExcel.WriteToExcel.WriteCell Instance: ExcelInstance2 Value: DataTable Column: $'''A''' Row: 1\r\nExcel.CloseExcel.CloseAndSaveAs Instance: ExcelInstance2 DocumentFormat: Excel.ExcelFormat.FromExtension DocumentPath: $'''%SelectedFolder%\\\\allchoices'''\r\nExcel.CloseExcel.Close Instance: ExcelInstance3\r\nDisplay.ShowMessageDialog.ShowMessage Title: $'''Ready''' Message: $'''Ready''' Icon: Display.Icon.None Buttons: Display.Buttons.OK DefaultButton: Display.DefaultButton.Button1 IsTopMost: False ButtonPressed=&gt; ButtonPressed2\r\n"</Definition>
      <SchemaVersion>2022.07</SchemaVersion>
      <Claims>[]</Claims>
      <DesktopFlowModules>[]</DesktopFlowModules>
      <PrimaryEntity>none</PrimaryEntity>
      <LocalizedNames>
        <LocalizedName languagecode="1033" description="Prototype - Excel merging Choices" />
      </LocalizedNames>
    </Workflow>
    <Workflow WorkflowId="{7c87c96e-5680-46f6-98df-c4b13ff5155c}" Name="Make prototype files">
      <JsonFileName>/Workflows/Makeprototypefiles-7C87C96E-5680-46F6-98DF-C4B13FF5155C.json</JsonFileName>
      <Type>1</Type>
      <Subprocess>0</Subprocess>
      <Category>6</Category>
      <Mode>0</Mode>
      <Scope>4</Scope>
      <OnDemand>0</OnDemand>
      <TriggerOnCreate>0</TriggerOnCreate>
      <TriggerOnDelete>0</TriggerOnDelete>
      <AsyncAutodelete>0</AsyncAutodelete>
      <SyncWorkflowLogOnFailure>0</SyncWorkflowLogOnFailure>
      <StateCode>1</StateCode>
      <StatusCode>2</StatusCode>
      <RunAs>1</RunAs>
      <IsTransacted>1</IsTransacted>
      <IntroducedVersion>1.0</IntroducedVersion>
      <IsCustomizable>1</IsCustomizable>
      <BusinessProcessType>0</BusinessProcessType>
      <UIFlowType>2</UIFlowType>
      <IsCustomProcessingStepAllowedForOtherPublishers>1</IsCustomProcessingStepAllowedForOtherPublishers>
      <ModernFlowType>0</ModernFlowType>
      <Metadata>{"clientversion":"2.55.00176.25087","isvalid":true,"$schema":"https://schema.management.azure.com/providers/Microsoft.Logic/schemas/2016-06-01/workflowdefinition.json#","schemaVersion":"ROBIN_20211012","containsActiveConnections":false,"containsGptPredictActions":false,"containsActiveCopilotActions":false,"containsActiveWorkQueuesActions":false,"containsActiveLogMessageActions":false,"containsActiveCredentialsActions":false,"multipleRequestsState":0,"scriptType":1,"disableScreenshotCaptureOnError":false,"missingUiElementRepairType":null,"flowTimeout":null,"screenResolution":null,"flowLogsVerbosity":null}</Metadata>
      <Inputs>{"schema":null}</Inputs>
      <Outputs>{"schema":null}</Outputs>
      <Dependencies>{"childFlows":[],"workQueues":[],"environmentVariables":[],"requiredBinaries":["52aa5b92-81c1-4be4-98b1-cc4ba42f29be","20298455-64a5-4b53-b7bb-743026ae40bf","63ef778d-6d98-4c80-80e2-0cdfefb3f95d","1b3dfe8b-f390-4a03-8609-3197f128f9ab"]}</Dependencies>
      <ConnectionReferences>[]</ConnectionReferences>
      <Definition>"@@ConnectionString: ''\r\n@@Type: 'Local'\r\n@@DesktopType: 'local'\r\n@@DisplayName: 'Helyi számítógép'\r\nIMPORT 'controlRepo.appmask' AS appmask\r\nIMPORT 'imageRepo.imgrepo' AS imgrepo\r\n@SENSITIVE: []\r\nFolder.GetSpecialFolder SpecialFolder: Folder.SpecialFolder.DesktopDirectory SpecialFolderPath=&gt; SpecialFolderPath\r\nFolder.Create FolderPath: $fx'=SpecialFolderPath' FolderName: $fx'ProtoProjects' Folder=&gt; ProtoProjects\r\nLOOP LoopIndex FROM $fx'=1' TO $fx'=5' STEP $fx'=1'\r\n    Folder.Create FolderPath: $fx'=ProtoProjects' FolderName: $fx'Project${LoopIndex}' Folder=&gt; NewFolder\r\n    LOOP LoopIndex2 FROM $fx'=1' TO $fx'=3' STEP $fx'=1'\r\n        Excel.LaunchExcel.LaunchUnderExistingProcess Visible: False Instance=&gt; ExcelInstance\r\n        IF $fx'=LoopIndex2=1' THEN\r\n            LOOP LoopIndex4 FROM $fx'=1' TO $fx'=3' STEP $fx'=1'\r\n                Excel.GetFirstFreeColumnRow Instance: $fx'=ExcelInstance' FirstFreeColumn=&gt; FirstFreeColumn FirstFreeRow=&gt; FirstFreeRow\r\n                Excel.WriteToExcel.WriteCell Instance: $fx'=ExcelInstance' Value: $fx'Item${LoopIndex4}' Column: $fx'A' Row: $fx'=FirstFreeRow'\r\n                Excel.SetColor.SetColorSingleCellPredefined Instance: $fx'=ExcelInstance' StartColumn: $fx'A' StartRow: $fx'=FirstFreeRow' ColorName: $fx'Green'\r\n                LOOP LoopIndex3 FROM $fx'=1' TO $fx'=5' STEP $fx'=1'\r\n                    Excel.GetFirstFreeColumnRow Instance: $fx'=ExcelInstance' FirstFreeColumn=&gt; FirstFreeColumn FirstFreeRow=&gt; FirstFreeRow\r\n                    Excel.WriteToExcel.WriteCell Instance: $fx'=ExcelInstance' Value: $fx'Choice${LoopIndex4}${LoopIndex3}' Column: $fx'A' Row: $fx'=FirstFreeRow'\r\n                END\r\n            END\r\n            SET FIlePath TO $fx'${NewFolder.FullName}\\\\Contract${LoopIndex}'\r\n        ELSE\r\n            SET FIlePath TO $fx'${NewFolder.FullName}\\\\OtherFile${LoopIndex2}'\r\n        END\r\n        Excel.CloseExcel.CloseAndSaveAs Instance: $fx'=ExcelInstance' DocumentFormat: Excel.ExcelFormat.OpenXmlWorkbook DocumentPath: $fx'${FIlePath}'\r\n    END\r\nEND\r\n"</Definition>
      <SchemaVersion>2022.07</SchemaVersion>
      <Claims>[]</Claims>
      <DesktopFlowModules>[]</DesktopFlowModules>
      <PrimaryEntity>none</PrimaryEntity>
      <LocalizedNames>
        <LocalizedName languagecode="1033" description="Make prototype files" />
      </LocalizedNames>
    </Workflow>
  </Workflows>
  <FieldSecurityProfiles></FieldSecurityProfiles>
  <Templates />
  <EntityMaps />
  <EntityRelationships />
  <OrganizationSettings />
  <optionsets />
  <CustomControls />
  <EntityDataProviders />
  <Languages>
    <Language>1033</Language>
  </Languages>
</ImportExportXml>