<desktopflowbinary desktopflowbinaryid="63ef778d-6d98-4c80-80e2-0cdfefb3f95d">
  <data mimetype="application/json">ImageRepository_1d87dbb0-0778-4238-93e0-e2e12ecbceeb.json</data>
  <iscustomizable>1</iscustomizable>
  <metadata>{}</metadata>
  <mimetype>application/json</mimetype>
  <name>Desktop flow images</name>
  <process>
    <workflowid>7c87c96e-5680-46f6-98df-c4b13ff5155c</workflowid>
  </process>
  <reference>imageRepo.imgrepo</reference>
  <statecode>0</statecode>
  <statuscode>1</statuscode>
  <type>ImageRepository</type>
</desktopflowbinary>