<desktopflowbinary desktopflowbinaryid="1b3dfe8b-f390-4a03-8609-3197f128f9ab">
  <data mimetype="application/json">DependenciesFile_47e86c93-9a07-4727-8178-e9e94992b016.json</data>
  <iscustomizable>1</iscustomizable>
  <metadata>{}</metadata>
  <mimetype>application/json</mimetype>
  <name>Desktop flow dependencies file</name>
  <process>
    <workflowid>7c87c96e-5680-46f6-98df-c4b13ff5155c</workflowid>
  </process>
  <reference>flow.dependencies</reference>
  <statecode>0</statecode>
  <statuscode>1</statuscode>
  <type>DependenciesFile</type>
</desktopflowbinary>