<desktopflowbinary desktopflowbinaryid="20298455-64a5-4b53-b7bb-743026ae40bf">
  <data mimetype="application/json">ControlRepository_b0c5a1bf-95fd-466f-a922-428559cf7b32.json</data>
  <iscustomizable>1</iscustomizable>
  <metadata>{}</metadata>
  <mimetype>application/json</mimetype>
  <name>Desktop flow ui elements</name>
  <process>
    <workflowid>7c87c96e-5680-46f6-98df-c4b13ff5155c</workflowid>
  </process>
  <reference>controlRepo.appmask</reference>
  <statecode>0</statecode>
  <statuscode>1</statuscode>
  <type>ControlRepository</type>
</desktopflowbinary>