<desktopflowbinary desktopflowbinaryid="52aa5b92-81c1-4be4-98b1-cc4ba42f29be">
  <data mimetype="application/json">ManifestFile_52aa5b92-81c1-4be4-98b1-cc4ba42f29be.json</data>
  <iscustomizable>1</iscustomizable>
  <metadata>{}</metadata>
  <mimetype>application/json</mimetype>
  <name>Desktop flow manifest file</name>
  <process>
    <workflowid>7c87c96e-5680-46f6-98df-c4b13ff5155c</workflowid>
  </process>
  <reference>flow.manifest</reference>
  <statecode>0</statecode>
  <statuscode>1</statuscode>
  <type>ManifestFile</type>
</desktopflowbinary>