<desktopflowbinary desktopflowbinaryid="d3ee734a-e084-4ee4-9a75-3812f7a14865">
  <data mimetype="application/json">ControlRepository_ba8c17ca-82c3-4b92-9793-94b4ef45e5ee.json</data>
  <iscustomizable>1</iscustomizable>
  <metadata>{}</metadata>
  <mimetype>application/json</mimetype>
  <name>Desktop flow ui elements</name>
  <process>
    <workflowid>d4b03fdf-dddb-4f45-9fb4-5bcfd152ae64</workflowid>
  </process>
  <reference>controlRepo.appmask</reference>
  <statecode>0</statecode>
  <statuscode>1</statuscode>
  <type>ControlRepository</type>
</desktopflowbinary>