<desktopflowbinary desktopflowbinaryid="841c3c7a-5c4c-440a-ad42-3a59c638aca6">
  <data mimetype="application/json">ManifestFile_841c3c7a-5c4c-440a-ad42-3a59c638aca6.json</data>
  <iscustomizable>1</iscustomizable>
  <metadata>{}</metadata>
  <mimetype>application/json</mimetype>
  <name>Desktop flow manifest file</name>
  <process>
    <workflowid>d4b03fdf-dddb-4f45-9fb4-5bcfd152ae64</workflowid>
  </process>
  <reference>flow.manifest</reference>
  <statecode>0</statecode>
  <statuscode>1</statuscode>
  <type>ManifestFile</type>
</desktopflowbinary>