<desktopflowbinary desktopflowbinaryid="695cd258-52af-49ed-a179-455dc5e62830">
  <data mimetype="application/json">DependenciesFile_dc8b5a9e-4d3d-470d-97bf-f432f48d1b42.json</data>
  <iscustomizable>1</iscustomizable>
  <metadata>{}</metadata>
  <mimetype>application/json</mimetype>
  <name>Desktop flow dependencies file</name>
  <process>
    <workflowid>d4b03fdf-dddb-4f45-9fb4-5bcfd152ae64</workflowid>
  </process>
  <reference>flow.dependencies</reference>
  <statecode>0</statecode>
  <statuscode>1</statuscode>
  <type>DependenciesFile</type>
</desktopflowbinary>